,landing_page_id,origin,label
150,2,2,1.0
544,137,4,0.0
1631,53,2,0.0
1342,2,2,1.0
1517,21,4,1.0
228,47,2,0.0
1164,21,6,1.0
1491,201,4,0.0
876,21,1,0.0
1251,2,6,1.0
629,12,6,1.0
634,1,1,0.0
808,2,2,1.0
414,2,6,1.0
618,148,4,0.0
1030,19,4,0.0
883,138,2,0.0
840,161,6,0.0
961,29,9,0.0
63,21,4,0.0
1283,117,4,0.0
941,5,4,0.0
1518,203,3,0.0
989,155,3,0.0
318,37,5,1.0
932,21,5,0.0
197,5,5,1.0
869,5,4,1.0
1240,36,3,0.0
394,22,9,1.0
924,26,4,1.0
1437,29,8,0.0
1439,2,2,1.0
283,12,6,1.0
198,21,4,1.0
325,2,4,1.0
501,2,6,0.0
246,30,6,1.0
1427,207,6,0.0
1523,78,8,1.0
1565,165,4,1.0
122,21,5,1.0
682,1,1,1.0
1056,2,5,1.0
1499,214,3,0.0
248,12,6,0.0
670,2,2,1.0
1611,2,2,1.0
27,21,6,0.0
1092,165,4,0.0
1019,2,4,1.0
656,1,1,1.0
328,21,4,1.0
230,1,1,1.0
613,2,2,1.0
410,21,5,1.0
288,21,5,1.0
1199,62,5,0.0
853,16,6,0.0
1182,12,6,0.0
397,112,8,0.0
916,65,6,1.0
1575,220,8,0.0
87,2,2,1.0
233,3,9,0.0
32,2,2,1.0
1264,2,2,1.0
263,18,1,0.0
207,55,6,1.0
441,2,4,1.0
1477,5,4,1.0
645,18,1,0.0
366,107,6,1.0
599,12,1,1.0
593,5,6,0.0
407,1,1,1.0
539,54,2,0.0
413,5,5,1.0
1282,13,6,1.0
170,72,6,1.0
690,18,1,0.0
319,2,2,0.0
1592,147,6,0.0
362,106,6,1.0
798,12,6,0.0
925,21,6,1.0
206,2,2,1.0
194,78,3,1.0
10,8,3,0.0
974,38,6,1.0
812,18,1,1.0
1397,122,1,1.0
842,18,6,0.0
335,21,4,1.0
1263,2,4,1.0
320,21,6,0.0
417,99,4,0.0
1314,50,5,0.0
1212,59,4,1.0
1382,21,4,1.0
877,2,2,1.0
1519,93,6,0.0
1289,21,6,1.0
1625,124,6,0.0
1602,161,4,0.0
1459,12,6,1.0
1509,149,3,0.0
1408,9,6,0.0
393,21,4,1.0
269,93,6,1.0
1112,45,7,0.0
529,1,1,0.0
652,1,1,0.0
49,2,6,1.0
607,144,3,0.0
816,2,3,0.0
1293,18,1,0.0
874,70,4,0.0
1255,21,4,1.0
1454,92,6,0.0
1209,169,3,0.0
143,21,4,1.0
658,83,6,0.0
1417,2,2,1.0
555,1,1,1.0
776,13,6,1.0
295,21,2,1.0
1648,2,2,1.0
827,12,6,1.0
868,12,4,0.0
708,2,2,1.0
1230,93,6,0.0
724,2,4,1.0
353,18,1,0.0
622,21,4,1.0
137,64,6,1.0
608,77,2,0.0
1294,12,6,0.0
1544,142,2,0.0
653,5,4,1.0
1017,2,2,0.0
272,94,4,0.0
1606,40,2,0.0
154,21,4,1.0
889,2,2,0.0
514,2,2,1.0
1476,12,4,1.0
1590,5,4,1.0
1441,5,4,1.0
213,18,1,1.0
803,70,3,0.0
969,5,6,1.0
490,127,4,0.0
875,18,1,0.0
307,52,6,1.0
282,5,5,1.0
1368,1,1,0.0
368,40,2,0.0
61,2,2,0.0
1242,3,6,1.0
712,94,3,0.0
1347,21,4,0.0
411,114,4,0.0
897,49,5,1.0
1291,18,1,0.0
979,40,4,0.0
1097,2,2,1.0
455,21,4,1.0
403,19,6,0.0
596,21,4,1.0
265,92,3,0.0
1045,182,6,1.0
999,83,6,0.0
935,2,2,1.0
28,22,5,0.0
843,40,9,1.0
1429,47,2,1.0
381,83,6,1.0
1584,5,6,0.0
680,21,5,0.0
807,23,1,0.0
701,21,4,1.0
95,18,1,0.0
1120,2,2,0.0
50,32,4,0.0
227,84,1,0.0
633,2,2,1.0
722,158,6,1.0
1336,36,4,0.0
677,5,6,0.0
101,50,5,1.0
1322,4,4,0.0
1069,83,4,0.0
960,127,4,0.0
39,2,4,1.0
561,1,1,1.0
303,1,1,1.0
794,2,2,0.0
1228,197,2,1.0
511,21,4,1.0
1012,1,1,0.0
1329,40,4,1.0
1362,18,4,1.0
1225,40,4,1.0
336,4,4,0.0
13,11,4,0.0
1650,21,6,0.0
296,5,4,1.0
221,18,1,0.0
472,12,4,0.0
340,2,2,1.0
1105,4,5,1.0
90,46,5,0.0
1009,45,7,0.0
1156,108,3,0.0
881,40,3,0.0
1307,1,5,0.0
727,21,4,1.0
1384,12,6,0.0
164,73,4,1.0
1023,83,6,1.0
1541,40,6,0.0
108,53,4,0.0
718,2,6,0.0
1596,178,4,0.0
720,2,2,1.0
639,49,5,0.0
986,2,2,1.0
560,4,4,0.0
235,2,6,1.0
1638,165,4,0.0
1621,104,6,0.0
229,85,2,1.0
35,1,1,1.0
558,21,5,0.0
1551,12,6,1.0
882,59,4,1.0
1207,55,6,1.0
142,4,4,1.0
583,3,4,0.0
191,21,4,1.0
1357,12,6,1.0
1641,8,3,0.0
806,99,10,0.0
919,99,6,1.0
83,43,5,0.0
685,12,6,1.0
890,6,4,0.0
1587,21,4,1.0
739,155,2,0.0
1458,16,6,0.0
945,16,6,1.0
709,21,4,1.0
1278,2,4,1.0
922,21,4,1.0
590,29,5,1.0
503,26,4,1.0
1414,18,1,1.0
552,2,2,1.0
996,180,2,1.0
630,21,4,1.0
1542,2,2,1.0
780,12,4,0.0
1581,1,1,0.0
1124,18,1,1.0
339,102,2,0.0
426,117,4,0.0
387,26,4,1.0
1655,5,8,0.0
1496,25,1,0.0
637,26,4,1.0
1137,2,4,1.0
1213,12,6,0.0
1010,86,1,0.0
729,89,1,0.0
168,45,7,0.0
471,2,2,1.0
449,55,6,0.0
57,21,3,0.0
735,58,6,0.0
111,25,1,0.0
1231,21,5,1.0
533,26,8,1.0
778,21,4,0.0
341,2,4,1.0
1316,1,1,0.0
547,2,2,0.0
757,49,4,1.0
1526,58,6,0.0
1268,200,2,1.0
660,149,4,0.0
1262,12,6,1.0
1383,1,1,0.0
1042,4,4,1.0
1501,1,1,0.0
1629,8,3,0.0
1313,50,5,0.0
756,21,6,0.0
345,12,6,0.0
1005,38,8,0.0
1398,21,9,1.0
1330,55,6,0.0
1386,12,4,1.0
1576,5,6,0.0
1482,5,4,0.0
789,18,1,0.0
1265,40,4,1.0
1586,1,1,1.0
584,5,9,1.0
647,110,6,0.0
249,87,4,1.0
1549,21,4,1.0
879,23,1,0.0
14,12,6,1.0
659,12,6,1.0
487,35,6,0.0
1280,29,6,0.0
1176,13,6,0.0
493,2,2,1.0
1008,21,4,1.0
402,5,6,1.0
289,5,4,1.0
912,1,1,0.0
76,5,4,1.0
1191,4,5,0.0
837,12,6,0.0
1103,50,5,0.0
1511,28,4,1.0
492,2,4,0.0
1508,5,1,1.0
1422,2,2,0.0
250,12,6,1.0
1527,21,1,0.0
908,174,5,1.0
751,77,2,0.0
382,12,6,0.0
243,70,3,0.0
1349,204,4,1.0
899,40,4,1.0
1308,16,6,0.0
988,21,5,1.0
851,63,3,0.0
752,49,4,0.0
715,36,7,0.0
821,26,4,0.0
127,45,7,0.0
836,66,3,1.0
1025,99,6,1.0
274,5,4,1.0
635,72,6,0.0
1122,190,2,1.0
1229,2,4,1.0
440,120,4,1.0
686,2,2,1.0
894,18,1,0.0
1067,22,4,0.0
1053,5,4,1.0
578,4,4,0.0
475,21,4,0.0
356,1,1,0.0
1470,3,2,0.0
245,9,6,1.0
1616,4,4,0.0
1419,12,6,0.0
615,21,4,0.0
262,91,6,1.0
1524,216,3,0.0
728,160,6,1.0
1295,21,5,1.0
192,2,2,0.0
1372,5,4,1.0
251,2,2,0.0
1123,5,4,0.0
280,93,6,0.0
257,2,4,1.0
762,18,1,0.0
1356,2,6,0.0
1558,2,2,1.0
48,31,8,0.0
1186,134,5,1.0
96,5,6,1.0
1143,21,4,1.0
504,3,4,0.0
1306,2,2,1.0
825,4,4,0.0
850,2,2,1.0
678,157,6,1.0
1150,55,6,0.0
671,21,4,1.0
950,21,4,1.0
1538,58,6,0.0
747,1,1,1.0
1048,21,4,1.0
1320,29,1,0.0
1253,12,6,1.0
1011,21,4,1.0
222,2,2,1.0
1442,18,1,0.0
1210,18,1,0.0
1462,5,6,0.0
1622,40,4,1.0
1216,21,4,1.0
587,21,5,0.0
1206,2,2,1.0
838,151,6,0.0
620,2,2,1.0
392,2,2,1.0
1219,124,4,0.0
161,71,3,1.0
1202,128,3,0.0
928,21,6,0.0
748,40,6,1.0
1270,176,6,0.0
1571,73,5,1.0
602,142,6,1.0
1403,1,1,1.0
348,104,6,0.0
1055,28,2,1.0
1603,25,1,0.0
1401,5,4,1.0
1569,21,4,1.0
311,59,4,0.0
208,27,6,1.0
495,18,1,1.0
314,99,6,1.0
66,5,4,1.0
551,1,1,1.0
234,5,5,1.0
1059,21,4,1.0
351,21,4,1.0
506,18,1,1.0
1500,18,1,0.0
204,25,1,0.0
1489,21,6,0.0
1125,4,9,0.0
1183,21,4,0.0
218,21,5,1.0
1425,21,9,1.0
124,57,5,1.0
105,12,5,1.0
1435,4,6,1.0
559,21,6,1.0
118,54,3,0.0
859,139,6,1.0
505,2,4,1.0
631,147,6,1.0
79,42,9,0.0
896,2,2,1.0
486,21,4,1.0
733,99,6,1.0
1402,38,4,1.0
6,5,5,1.0
603,143,7,0.0
696,2,2,1.0
1033,5,4,0.0
1642,4,6,0.0
102,5,6,1.0
1335,21,6,1.0
1334,152,3,0.0
1358,93,6,0.0
714,26,3,0.0
549,2,2,1.0
1138,21,4,0.0
1142,12,6,0.0
1578,5,3,1.0
1341,66,4,0.0
343,18,1,1.0
19,16,6,1.0
929,21,4,1.0
1455,2,2,1.0
337,1,1,1.0
116,12,6,1.0
1452,21,5,0.0
1617,12,6,0.0
1513,18,1,0.0
482,5,4,0.0
474,2,2,0.0
1528,13,4,0.0
1250,119,4,0.0
1563,219,8,0.0
376,21,9,0.0
865,65,6,0.0
1215,54,3,1.0
499,21,2,1.0
1643,12,6,0.0
110,2,2,0.0
1047,2,2,0.0
926,1,1,0.0
693,2,2,1.0
1392,21,4,1.0
1612,222,2,0.0
1540,21,9,0.0
1515,52,6,0.0
1531,2,5,0.0
316,55,6,1.0
642,72,6,0.0
1241,40,4,1.0
1062,134,4,0.0
623,49,5,1.0
1082,47,6,1.0
697,18,1,0.0
995,117,1,0.0
1370,12,6,1.0
25,20,3,1.0
1275,38,4,0.0
214,2,2,1.0
371,12,4,0.0
1301,26,8,0.0
839,28,4,1.0
1000,181,5,0.0
125,1,1,0.0
22,12,6,1.0
286,2,4,1.0
984,40,4,0.0
606,21,5,0.0
223,26,2,0.0
292,5,4,1.0
71,1,1,0.0
588,21,4,1.0
1157,16,6,1.0
1400,2,2,1.0
1063,54,3,0.0
247,6,6,0.0
833,168,5,1.0
598,5,6,1.0
254,88,5,1.0
981,178,7,1.0
738,129,2,1.0
468,18,1,1.0
1577,21,1,0.0
0,1,1,0.0
1235,83,4,0.0
951,1,1,1.0
1267,16,6,0.0
898,5,4,1.0
12,10,4,0.0
1456,2,2,0.0
285,54,3,0.0
37,2,2,1.0
1620,35,10,0.0
1597,12,1,1.0
1390,108,3,0.0
252,5,6,0.0
1374,1,1,0.0
21,1,7,0.0
1290,89,1,0.0
704,54,3,0.0
657,21,4,0.0
895,5,4,1.0
1415,16,6,1.0
832,26,4,1.0
1223,2,2,1.0
1487,18,1,0.0
226,2,2,0.0
532,4,1,0.0
625,2,2,0.0
179,40,4,0.0
139,1,1,1.0
681,5,5,1.0
385,111,9,1.0
158,69,6,1.0
293,21,4,0.0
1493,21,4,0.0
744,2,2,1.0
236,82,3,0.0
1172,16,6,0.0
536,136,8,1.0
439,26,4,0.0
231,73,6,1.0
1351,21,5,0.0
601,1,1,1.0
773,1,1,1.0
857,171,4,0.0
1448,40,4,1.0
1187,2,2,1.0
432,21,6,1.0
592,18,1,0.0
1003,1,1,0.0
344,26,4,1.0
1613,21,5,1.0
1006,21,3,0.0
1200,2,2,0.0
59,35,6,0.0
957,1,8,0.0
1102,2,2,0.0
1627,4,6,1.0
799,73,2,1.0
469,45,7,1.0
1338,202,8,0.0
557,139,6,0.0
1091,5,4,1.0
1546,100,3,0.0
239,2,2,1.0
980,46,4,0.0
224,2,2,0.0
1594,89,1,1.0
614,146,5,0.0
1391,2,2,0.0
1490,2,2,1.0
1022,30,6,1.0
909,13,6,1.0
911,21,4,0.0
133,61,4,0.0
260,2,2,0.0
1385,2,4,0.0
1027,1,1,1.0
1016,5,4,1.0
824,5,4,1.0
279,59,4,0.0
34,24,1,1.0
1393,5,4,0.0
975,177,3,0.0
788,52,4,1.0
496,70,3,0.0
1561,89,1,1.0
1133,18,1,1.0
1136,18,1,0.0
1222,196,6,1.0
302,98,6,0.0
519,2,6,0.0
1065,25,2,1.0
1197,21,8,1.0
949,21,6,0.0
1303,8,3,0.0
357,2,2,0.0
438,4,4,0.0
86,21,4,1.0
1089,1,1,0.0
554,40,4,0.0
676,21,4,0.0
964,49,4,1.0
1331,2,2,1.0
1450,2,2,1.0
354,2,2,1.0
976,45,7,0.0
1044,2,2,1.0
1285,12,6,1.0
573,2,2,1.0
1104,3,1,0.0
1469,2,2,1.0
157,68,3,0.0
1653,46,4,1.0
442,18,2,1.0
920,18,1,0.0
691,21,1,0.0
1080,40,4,0.0
1116,189,6,1.0
1428,99,4,0.0
75,1,1,0.0
597,21,6,0.0
1284,21,4,0.0
1236,2,2,0.0
1559,2,2,0.0
429,2,2,0.0
1604,99,4,0.0
445,70,9,1.0
673,46,3,0.0
1529,12,6,1.0
360,67,5,0.0
1205,21,9,1.0
120,55,1,1.0
1579,4,7,0.0
8,2,4,1.0
1481,124,4,0.0
220,1,1,1.0
149,40,4,1.0
1113,188,2,1.0
1461,22,5,1.0
742,134,2,1.0
1296,201,2,0.0
401,21,2,1.0
1507,21,5,1.0
580,1,1,0.0
1446,21,6,1.0
266,12,6,1.0
997,4,4,0.0
388,40,4,1.0
750,21,4,1.0
379,21,9,0.0
1535,2,2,1.0
543,114,4,0.0
1281,18,1,0.0
1037,93,6,1.0
1014,40,9,0.0
322,21,4,1.0
891,2,2,1.0
527,21,4,1.0
1626,114,4,0.0
121,56,4,1.0
136,21,6,1.0
1107,100,3,0.0
1413,18,1,1.0
338,6,5,1.0
846,44,4,0.0
819,2,4,1.0
848,5,4,1.0
450,122,1,0.0
1174,2,2,1.0
1101,21,4,1.0
1395,100,6,0.0
347,4,6,1.0
1311,21,4,0.0
40,21,4,1.0
1117,5,5,1.0
1502,215,7,0.0
933,16,6,1.0
78,2,2,1.0
768,2,4,1.0
485,35,6,0.0
1567,12,6,1.0
627,40,2,1.0
1287,2,2,0.0
1463,58,5,0.0
621,18,1,0.0
464,2,2,1.0
793,163,2,1.0
1488,16,6,1.0
1533,2,2,1.0
1185,2,2,1.0
1184,52,6,1.0
953,12,4,1.0
219,12,4,1.0
1409,21,4,1.0
1024,137,4,0.0
315,6,5,1.0
741,18,1,1.0
1568,12,4,1.0
138,65,4,1.0
1651,21,4,1.0
52,4,7,0.0
921,21,4,1.0
971,5,2,1.0
796,164,3,0.0
1288,2,2,1.0
775,99,6,1.0
553,2,2,1.0
5,4,4,0.0
460,22,6,1.0
1645,2,10,0.0
1249,21,4,1.0
404,6,4,1.0
1339,30,6,1.0
982,55,6,0.0
1630,205,9,0.0
956,1,1,0.0
521,89,1,0.0
1271,21,4,1.0
1252,21,4,1.0
1300,12,4,1.0
1607,18,1,1.0
326,55,6,1.0
864,2,2,1.0
1081,1,1,1.0
299,45,7,0.0
1166,9,6,0.0
331,26,4,1.0
77,21,5,0.0
477,126,2,1.0
1610,2,2,1.0
541,21,6,0.0
1198,46,4,1.0
1615,25,1,0.0
97,21,6,1.0
1555,1,1,0.0
1411,21,4,1.0
374,2,2,0.0
1203,54,3,0.0
528,36,3,0.0
1192,195,2,0.0
619,65,4,1.0
802,82,3,0.0
1545,24,1,1.0
1457,5,4,0.0
329,93,2,1.0
563,45,7,0.0
408,21,9,1.0
1495,6,4,1.0
84,44,2,0.0
835,2,2,1.0
4,3,3,0.0
1534,21,4,1.0
352,18,1,1.0
1130,110,4,0.0
225,2,2,1.0
176,2,2,1.0
384,55,4,0.0
364,25,1,0.0
18,1,1,0.0
46,29,6,0.0
777,129,4,0.0
1049,5,4,1.0
638,150,8,0.0
1211,21,5,1.0
1520,40,4,0.0
610,38,2,1.0
1608,2,2,1.0
591,21,5,1.0
418,70,4,0.0
1026,5,6,0.0
1058,59,6,0.0
1118,1,1,0.0
1572,1,4,1.0
290,96,6,0.0
1634,13,6,0.0
1036,2,2,0.0
1093,21,6,1.0
810,124,1,0.0
1371,206,4,1.0
955,9,6,0.0
940,21,7,0.0
68,21,4,0.0
530,135,9,1.0
1504,2,2,1.0
1127,21,4,1.0
930,1,1,0.0
1167,21,2,0.0
255,89,1,1.0
1115,2,2,0.0
968,137,9,0.0
1078,21,2,0.0
991,21,4,0.0
308,46,6,0.0
1494,1,1,0.0
1430,45,4,0.0
1095,51,3,0.0
135,63,3,0.0
38,26,4,1.0
1573,4,9,0.0
880,83,4,0.0
847,2,2,1.0
760,1,1,0.0
480,2,4,1.0
1035,151,6,1.0
171,21,5,0.0
1004,4,3,0.0
1070,165,5,0.0
834,2,4,0.0
185,18,1,0.0
820,40,4,0.0
1038,21,4,1.0
119,36,3,0.0
892,55,6,0.0
1360,49,3,0.0
755,30,6,1.0
45,28,2,1.0
754,56,5,0.0
209,2,2,0.0
1389,4,7,0.0
186,21,6,1.0
939,25,1,0.0
707,21,6,1.0
427,40,1,0.0
1536,1,5,0.0
1259,58,6,1.0
267,21,6,1.0
589,64,2,0.0
1375,5,4,1.0
1234,9,6,0.0
1232,21,4,1.0
159,70,3,0.0
1126,70,4,0.0
178,75,3,0.0
100,49,4,1.0
582,21,4,1.0
294,93,5,1.0
466,124,1,1.0
818,21,9,1.0
60,36,2,1.0
628,99,4,0.0
94,47,10,1.0
1032,13,6,0.0
1040,21,5,1.0
72,41,4,0.0
1530,13,6,0.0
517,52,6,0.0
611,145,2,1.0
1159,192,4,0.0
70,40,4,1.0
672,21,4,1.0
958,21,6,0.0
1591,21,4,1.0
1628,12,6,0.0
719,140,4,1.0
1108,186,4,1.0
437,49,1,1.0
654,18,1,0.0
9,7,4,0.0
531,110,4,1.0
1266,40,4,0.0
566,140,6,1.0
88,21,4,0.0
196,79,2,1.0
1246,2,2,0.0
359,5,5,1.0
1560,21,4,1.0
962,161,4,0.0
814,26,8,1.0
80,21,6,0.0
667,155,3,0.0
723,21,4,1.0
175,2,2,0.0
1173,12,6,1.0
508,130,2,1.0
1041,40,4,0.0
1321,141,3,0.0
199,80,6,1.0
692,21,4,0.0
391,1,1,0.0
884,1,1,1.0
893,2,2,1.0
1553,5,4,0.0
585,117,3,0.0
801,21,4,1.0
523,89,1,0.0
1077,21,6,0.0
484,21,4,1.0
674,124,4,1.0
148,21,4,1.0
1510,124,4,0.0
1605,138,5,0.0
1479,99,6,1.0
526,29,3,0.0
1318,2,2,0.0
791,2,4,0.0
361,2,2,1.0
1514,214,2,0.0
1639,99,3,0.0
1292,30,6,0.0
970,1,1,0.0
1416,45,4,0.0
817,166,1,1.0
36,25,1,0.0
378,109,3,1.0
1188,65,6,1.0
373,4,4,1.0
470,1,1,0.0
1434,2,2,0.0
416,1,1,0.0
1224,1,1,0.0
215,4,9,0.0
1582,2,2,1.0
1261,21,6,1.0
1144,21,4,0.0
459,21,4,1.0
488,2,2,1.0
1377,2,2,0.0
809,21,2,1.0
147,16,4,1.0
452,2,2,1.0
1637,12,6,1.0
1015,124,2,0.0
703,66,6,1.0
946,6,4,1.0
917,61,4,0.0
188,26,4,0.0
82,35,6,1.0
1344,5,4,0.0
1522,36,5,0.0
576,12,2,1.0
759,2,2,1.0
1111,59,4,1.0
383,110,4,0.0
141,12,5,0.0
67,38,5,1.0
1598,5,4,1.0
1298,16,6,0.0
44,2,2,1.0
33,2,2,1.0
512,132,2,1.0
431,29,3,1.0
1547,18,1,1.0
92,5,4,1.0
1227,21,4,1.0
349,105,1,0.0
655,9,6,1.0
1258,5,6,1.0
363,4,6,0.0
745,5,4,0.0
1245,21,9,0.0
1378,2,2,0.0
1652,130,4,1.0
927,91,4,1.0
522,49,4,1.0
1002,1,1,1.0
1217,16,6,0.0
1444,209,4,0.0
321,100,5,0.0
616,147,6,1.0
1601,4,3,0.0
1149,12,6,1.0
112,38,6,1.0
1079,13,6,0.0
1431,40,4,0.0
1043,18,1,0.0
641,2,2,1.0
30,23,1,0.0
151,67,4,1.0
689,2,6,0.0
886,12,6,1.0
1633,26,4,0.0
830,21,4,1.0
1396,40,4,1.0
478,36,10,1.0
11,9,6,1.0
1585,221,2,1.0
605,21,4,1.0
1074,2,4,1.0
419,2,2,1.0
177,2,2,1.0
240,5,4,1.0
24,19,3,0.0
1214,2,2,0.0
774,1,1,1.0
1447,5,4,1.0
457,2,2,1.0
841,169,4,1.0
309,21,5,1.0
765,21,4,1.0
1624,2,6,0.0
301,97,6,1.0
202,21,6,0.0
425,99,6,1.0
365,2,2,1.0
507,129,4,0.0
1505,2,2,1.0
481,124,4,0.0
567,21,4,0.0
900,172,3,0.0
855,2,4,1.0
1094,2,2,0.0
261,30,6,1.0
291,4,5,0.0
278,21,4,1.0
1021,89,1,0.0
885,12,6,0.0
662,1,1,1.0
1325,2,2,1.0
1085,12,6,0.0
73,24,1,1.0
534,83,6,0.0
783,104,6,0.0
54,34,1,0.0
1369,5,4,0.0
146,66,3,0.0
1169,21,6,1.0
784,21,4,1.0
193,21,5,0.0
109,1,1,0.0
420,116,7,0.0
1050,5,4,0.0
854,170,1,0.0
187,12,4,1.0
31,5,5,1.0
389,21,9,1.0
1539,21,1,1.0
1274,2,2,1.0
1076,2,2,0.0
244,2,2,0.0
98,21,4,1.0
107,52,6,1.0
323,26,4,1.0
870,93,10,0.0
463,12,6,1.0
1129,191,2,1.0
358,21,6,1.0
1020,1,1,0.0
1201,21,5,0.0
273,18,1,0.0
1632,21,4,1.0
1061,185,2,1.0
106,6,9,1.0
15,13,6,1.0
813,4,5,0.0
398,21,4,1.0
1387,28,6,1.0
436,18,1,0.0
1119,36,4,0.0
306,2,2,1.0
524,49,5,1.0
390,1,1,0.0
375,24,1,1.0
1057,105,2,0.0
473,125,9,0.0
781,2,2,1.0
822,21,4,0.0
163,18,1,0.0
1257,4,9,0.0
271,73,4,0.0
497,21,4,0.0
965,6,4,1.0
1193,2,5,1.0
42,12,6,0.0
1618,16,4,0.0
169,29,5,0.0
993,21,4,1.0
966,2,6,0.0
1421,45,7,0.0
346,103,4,0.0
858,58,6,0.0
758,160,4,0.0
16,14,6,0.0
152,5,5,1.0
736,161,9,0.0
1302,2,2,1.0
1332,12,6,1.0
1068,26,4,1.0
626,119,3,0.0
1146,5,4,0.0
1449,46,5,0.0
23,18,1,1.0
737,21,4,1.0
128,26,9,0.0
646,124,6,0.0
162,72,4,0.0
1443,2,2,1.0
575,2,2,0.0
556,21,6,1.0
1636,12,4,1.0
1326,2,4,0.0
987,179,9,1.0
1506,2,2,1.0
264,5,1,0.0
183,1,1,1.0
918,38,6,1.0
612,18,1,0.0
1600,21,5,1.0
205,18,1,0.0
1179,2,4,1.0
1158,5,4,1.0
700,12,6,1.0
1475,13,6,1.0
409,16,6,1.0
907,121,5,0.0
317,21,2,1.0
684,21,3,1.0
1433,40,4,0.0
1381,18,1,0.0
972,21,4,1.0
1110,187,4,0.0
1498,213,4,1.0
113,16,5,1.0
395,21,9,1.0
520,134,2,0.0
1086,2,2,1.0
873,149,3,0.0
1564,55,4,1.0
860,16,6,1.0
399,25,1,0.0
1096,151,6,1.0
721,46,5,0.0
312,16,6,1.0
753,162,4,0.0
1365,1,1,1.0
1099,18,1,1.0
253,26,4,1.0
181,21,4,1.0
1404,21,9,1.0
479,21,6,1.0
845,45,4,0.0
1309,12,6,1.0
29,21,4,0.0
1346,108,3,0.0
93,4,3,0.0
211,12,6,1.0
123,46,6,0.0
1114,72,6,1.0
114,40,4,0.0
156,12,6,1.0
1075,2,2,1.0
650,2,2,1.0
914,175,6,1.0
1276,21,4,0.0
1465,151,6,0.0
1064,10,4,0.0
43,25,1,1.0
1492,13,4,1.0
1140,1,1,0.0
1299,5,4,1.0
1177,2,2,0.0
1147,2,2,0.0
355,18,1,0.0
62,12,2,1.0
324,12,6,1.0
564,25,1,0.0
1363,12,6,1.0
1170,24,4,0.0
695,58,2,0.0
1317,83,6,1.0
1286,5,4,1.0
1472,18,1,1.0
1554,21,4,1.0
562,80,6,0.0
1272,12,6,1.0
20,17,6,0.0
624,149,9,0.0
666,38,4,0.0
203,73,6,1.0
831,21,10,0.0
632,2,2,1.0
53,33,4,0.0
800,5,6,1.0
1304,4,7,0.0
1589,50,9,1.0
190,2,4,0.0
370,9,6,0.0
863,99,6,0.0
396,1,1,0.0
1013,2,2,1.0
103,25,2,0.0
1135,83,4,0.0
1537,21,4,1.0
904,18,1,1.0
1084,55,6,0.0
1083,21,4,0.0
1327,2,2,1.0
104,51,3,0.0
1134,21,8,1.0
1180,194,6,1.0
447,1,1,0.0
117,12,6,1.0
771,2,2,1.0
1521,27,4,0.0
232,5,4,1.0
542,72,6,0.0
423,18,4,0.0
990,36,4,1.0
663,29,6,0.0
931,18,1,1.0
772,21,2,1.0
1614,45,7,0.0
1260,2,2,1.0
936,108,2,0.0
483,18,1,1.0
1132,26,4,1.0
617,2,6,0.0
281,21,4,1.0
58,18,1,0.0
1196,21,3,1.0
871,21,4,1.0
462,12,6,1.0
1423,55,6,1.0
604,4,9,0.0
1340,21,4,1.0
943,12,6,1.0
706,40,1,0.0
942,2,2,1.0
1550,217,2,1.0
792,2,2,1.0
1305,12,6,1.0
1485,6,4,1.0
764,2,2,1.0
1221,151,4,0.0
1345,125,3,0.0
1516,65,6,0.0
369,40,6,1.0
131,6,4,0.0
1194,2,2,1.0
905,21,4,1.0
888,18,1,0.0
1087,5,4,1.0
538,4,4,1.0
412,115,4,1.0
275,95,4,1.0
1380,21,4,0.0
277,77,2,0.0
174,4,6,1.0
1343,21,4,1.0
785,21,4,1.0
571,33,4,0.0
216,25,2,0.0
502,26,8,0.0
1297,2,2,1.0
1354,21,4,1.0
201,21,6,0.0
26,5,4,0.0
572,29,6,1.0
1243,147,6,0.0
525,82,1,0.0
129,59,4,0.0
41,27,6,0.0
134,62,3,0.0
569,141,3,1.0
1497,2,2,1.0
1161,12,6,1.0
546,82,2,0.0
1451,21,4,1.0
1353,205,1,0.0
1247,12,6,1.0
332,1,1,1.0
537,21,4,1.0
1333,77,2,0.0
212,83,6,0.0
453,21,4,1.0
515,133,6,0.0
386,21,2,1.0
1168,139,6,0.0
1131,160,1,0.0
510,131,10,0.0
1468,178,3,0.0
713,21,5,0.0
444,21,4,1.0
983,12,4,1.0
1066,2,2,1.0
1031,2,2,0.0
498,128,3,0.0
644,151,6,1.0
1178,89,6,0.0
963,21,6,1.0
1039,2,9,0.0
1350,21,4,0.0
688,89,1,1.0
1018,18,1,0.0
258,90,2,1.0
327,101,2,0.0
1001,2,6,1.0
902,28,2,0.0
1148,72,6,0.0
826,21,4,0.0
1623,2,2,1.0
1424,21,10,1.0
65,2,2,1.0
1548,31,4,0.0
91,5,6,1.0
1361,18,1,1.0
298,2,2,0.0
415,4,9,0.0
1609,18,1,0.0
694,77,4,0.0
1460,21,4,0.0
1141,21,4,1.0
702,40,2,1.0
861,21,4,0.0
844,21,4,1.0
350,2,2,0.0
1418,18,1,1.0
749,44,3,0.0
1379,12,6,1.0
446,89,1,0.0
330,2,2,1.0
1635,1,1,1.0
166,12,6,1.0
1088,134,4,0.0
242,18,1,0.0
878,2,2,1.0
1315,115,3,1.0
297,12,6,1.0
1570,5,4,1.0
1171,49,9,0.0
1583,59,6,1.0
1139,21,4,1.0
852,18,1,0.0
132,60,5,0.0
731,1,1,0.0
1273,45,4,1.0
85,5,9,0.0
1121,12,6,1.0
1204,5,4,1.0
130,55,6,0.0
1238,198,2,1.0
1471,25,1,0.0
173,2,2,0.0
640,1,1,1.0
786,26,4,0.0
977,2,2,1.0
600,26,4,0.0
1239,40,4,0.0
1552,61,4,0.0
1109,13,6,0.0
1474,210,2,1.0
1237,45,4,1.0
579,12,6,1.0
725,159,2,0.0
1438,2,2,1.0
256,21,4,1.0
952,16,6,0.0
740,12,6,1.0
1312,73,8,0.0
1090,40,3,1.0
954,129,4,0.0
1128,114,5,1.0
862,2,2,1.0
1566,144,3,0.0
1364,54,3,0.0
849,2,2,1.0
456,5,6,1.0
1646,2,2,0.0
675,18,1,1.0
465,5,4,0.0
1046,26,9,0.0
717,12,6,1.0
730,70,4,0.0
380,40,4,0.0
577,21,4,0.0
56,2,2,0.0
3,2,2,1.0
1100,26,4,1.0
74,12,3,0.0
665,154,4,0.0
518,58,6,0.0
433,118,7,1.0
1373,2,2,1.0
195,2,2,1.0
1512,46,4,0.0
1359,40,4,0.0
126,58,6,0.0
1029,2,2,1.0
540,53,1,0.0
